{
    "model_name_or_path": "bert-base-uncased",
    "model_type": null,
    "config_overrides": null,
    "config_name": null,
    "cache_dir": null,
    "use_fast_tokenizer": true,
    "model_revision": "main",
    "use_auth_token": false,
  
    "dataset_name": null,
    "dataset_config_name": null,
    "mlm_probability": 0.15,
    "msa_path": "workflow/make_dataset/results/dataset/data/",
    "soft_masked_loss_weight_train": 1.0,
    "soft_masked_loss_weight_evaluation": 1.0,
    "use_aux_features": true,
    "weight_conserved": true,
    "flip_nonconserved": true,
  
    "output_dir": "./results",
    "overwrite_output_dir": true,
    "do_train": true,
    "do_eval": true,
    "do_predict": false,
    "evaluation_strategy": "steps",
    "eval_steps": 500,
    "prediction_loss_only": false,
    "per_device_train_batch_size": 8,
    "per_device_eval_batch_size": 8,
    "gradient_accumulation_steps": 1,
    "learning_rate": 5e-5,
    "weight_decay": 0.01,
    "adam_beta1": 0.9,
    "adam_beta2": 0.999,
    "adam_epsilon": 1e-8,
    "max_grad_norm": 1.0,
    "num_train_epochs": 3,
    "max_steps": -1,
    "lr_scheduler_type": "linear",
    "warmup_ratio": 0.0,
    "warmup_steps": 0,
  
    "log_level": "info",
    "logging_dir": "./logs",
    "logging_strategy": "steps",
    "logging_first_step": false,
    "logging_steps": 500,
    "logging_nan_inf_filter": true,
  
    "save_strategy": "steps",
    "save_steps": 1000,
    "save_total_limit": 1,
    "save_safetensors": true,
    "save_on_each_node": false,
    "save_only_model": false,
  
    "no_cuda": false,
    "use_cpu": false,
    "seed": 42,
    "jit_mode_eval": false,
    "use_ipex": false,
    "bf16": false,
    "fp16": false,
    "fp16_opt_level": "O1",
    "half_precision_backend": "auto",
    "bf16_full_eval": false,
    "fp16_full_eval": false,
    "tf32": null,
  
    "local_rank": -1,
    "ddp_backend": null,
    "dataloader_drop_last": false,
    "dataloader_num_workers": 0,
    "dataloader_prefetch_factor": null,
  
    "run_name": "results",
    "disable_tqdm": false,
    "remove_unused_columns": true,
    "load_best_model_at_end": false,
    "metric_for_best_model": null,
    "greater_is_better": null,
    "ignore_data_skip": false,
  
    "label_smoothing_factor": 0.0,
    "optim": "adamw_torch",
    "optim_args": null,
    "adafactor": false,
    "group_by_length": false,
  
    "report_to": ["wandb"],
    "push_to_hub": false,
    "resume_from_checkpoint": null,
    "hub_model_id": null,
    "hub_strategy": "every_save",
    "hub_token": null,
  
    "gradient_checkpointing": false,
    "gradient_checkpointing_kwargs": null,
    "include_inputs_for_metrics": false,
    "include_for_metrics": [],
    "fp16_backend": "auto",
  
    "auto_find_batch_size": false,
    "full_determinism": false,
    "torchdynamo": null,
    "ddp_timeout": 1800,
    "torch_compile": false,
    "torch_compile_backend": null,
    "torch_compile_mode": null,
    "dispatch_batches": null,
    "split_batches": null,
    "include_tokens_per_second": false,
    "include_num_input_tokens_seen": false
  }
  